optim/lr,epoch,bps/train,bps/train_examples,optim/grad_max,optim/gard_max,optim/gard_mean,optim/grad_clip_ratio,loss/train,loss/train_0,val/train_0,shares/train_0,loss/train_1,val/train_1,shares/train_1,loss/train_2,val/train_2,shares/train_2,loss/train_3,val/train_3,shares/train_3,loss/train_4,val/train_4,shares/train_4,loss/train_5,val/train_5,shares/train_5,loss/train_6,val/train_6,shares/train_6,loss/train_7,val/train_7,shares/train_7,loss/train_8,val/train_8,shares/train_8,loss/train_initial,val/train_initial,shares/train_initial,buffer/size,buffer/added,bps/gen,bps/gen_examples,loss/valid_snapshot_0000,exploitability_last,eval_mse/net_reach,eval_mse/fp_reach,bps/loop,timing/start,timing/train-get_batch,timing/train-backward,timing/train-forward-stats,timing/train-rest,timing/valid-acc-extra,timing/valid-trace,timing/valid-exploit,timing_pct/start,timing_pct/train-get_batch,timing_pct/train-backward,timing_pct/train-forward-stats,timing_pct/train-rest,timing_pct/valid-acc-extra,timing_pct/valid-trace,timing_pct/valid-exploit,created_at
0.0003,0,0.0814607389119395,10.426974580728256,0,0.27638380862772466,0.27638380862772466,0.0,0.0027518999715539392,0.0,0.0,0.0,0.0,0.0,0.0,0.0,0.0,0.0,0.0,0.0,0.0,0.0,0.0,0.0,0.0,0.0,0.0,0.0,0.0,0.0,0.0,0.0,0.0,0.0,0.0,0.0,0.0027518999715539392,-0.014569890499114991,1.0,840,840,0.009030996129511405,1.1559675045774598,0.00011453682287537959,0.15362778306007385,0.6042316555976868,0.9293611645698547,0.07117137710703868,241.05009293556213,0.11642718315124512,5.2651050090789795,0.026148557662963867,5.851350545883179,25.973055839538574,0.03377413749694824,3.6476998329162598,85.4897717956535,0.04129155561483828,1.8672991170621074,0.009273733107374687,2.0752143953649,9.2114903981866,0.011978187902964127,1.2936820057149367,2025-04-15 20:30:01.844146
0.0003,1,0.041232187744199476,5.277720031257533,0,0.0833707395941019,0.0833707395941019,0.0,0.0008217566618441196,0.0,0.0,0.0,0.0,0.0,0.0,0.0,0.0,0.0,0.0,0.0,0.0,0.0,0.0,0.0,0.0,0.0,0.0,0.0,0.0,0.0,0.0,0.0,0.0,0.0,0.0,0.0,0.0008217566618441196,-0.011001089029014111,1.0,1440,1440,0.009019882312590662,1.1545449360116047,,,,,0.040744868328711624,360.62484979629517,0.12140381336212158,4.985911846160889,0.02035236358642578,5.832252621650696,12.986527919769287,0.01688706874847412,1.8371973037719727,93.32328083090295,0.03141714214851146,1.290265082065841,0.005266828793472038,1.5092836623559645,3.360681863048479,0.004370072279031298,0.47543390317815787,2025-04-15 20:38:12.725495
0.0003,2,0.08181261654655032,10.472014917958441,0,0.23935390720143915,0.23935390720143915,0.0,0.027840505761560053,0.0,0.0,0.0,0.0,0.0,0.0,0.0,0.0,0.0,0.0,0.0,0.0,0.0,0.0,0.0,0.7004345090765702,-0.7889998850069548,0.037109375,0.0,0.0,0.0,0.0,0.0,0.0,0.0,0.0,0.0,0.0019190313487217345,-0.011196335539614695,0.962890625,1920,1920,0.010016566603167729,1.2821205252054693,,,,,0.08020032474341184,320.4491102695465,0.11870964368184407,4.7326788902282715,0.018015464146931965,5.533840735753377,8.657685279846191,0.01125804583231608,1.2247982025146484,94.04336847776533,0.03483815184646756,1.3889165252676194,0.005287063932375357,1.6240371354525764,2.540802457688947,0.003303939747741867,0.3594459930723549,2025-04-15 20:42:22.112198
0.0003,3,0.027594072014116518,3.5320412178069143,0,0.2530560478568077,0.2530560478568077,0.0,0.012145405658520758,0.0,0.0,0.0,0.0,0.0,0.0,0.0,0.0,0.0,0.0,0.0,0.0,0.0,0.0,0.0,0.1931094467848331,-0.8874216621572321,0.055859375,0.0,0.0,0.0,0.0,0.0,0.0,0.0,0.0,0.0,0.0014388032957301142,-0.011560996948908222,0.944140625,2880,2880,0.010102205466909818,1.2930822997644567,,,,,0.027456725429091625,420.4100165963173,0.11055517196655273,4.646173417568207,0.017373263835906982,5.062264919281006,6.4932639598846436,0.00844353437423706,0.9185986518859863,96.05711932536082,0.02526012922243006,1.0615780232615375,0.0039695193060995,1.1566487290306242,1.4836093489290278,0.0019292156630337047,0.20988543762755987,2025-04-15 20:54:30.542341
0.0003,4,0.08166482334605489,10.453097388295026,0,0.06982266884297132,0.06982266884297132,0.0,0.0019738458679057656,0.0,0.0,0.0,0.0,0.0,0.0,0.0,0.0,0.0,0.0,0.0,0.0,0.0,0.0,0.0,0.01697235995187547,-0.5090841667832069,0.04140625,0.0,0.0,0.0,0.0,0.0,0.0,0.0,0.0,0.0,0.001325988223641115,-0.00022790002307954024,0.95859375,3240,3240,0.010224044589525716,1.3086777074592917,,,,,0.07993429511263656,384.34760303497313,0.11675820350646973,4.645119571685791,0.01680765151977539,5.115114736557007,5.1946111679077145,0.006754827499389648,0.7348789215087891,96.04424508074612,0.029176592813934143,1.1607643681122815,0.004200047532624248,1.2782114511058387,1.298076283473821,0.0016879572103654038,0.18363817202117982,2025-04-15 20:58:40.766012
0.0003,5,0.04125349606398963,5.280447496190672,0,0.1179629310965538,0.1179629310965538,0.0,0.005165231868159026,0.0,0.0,0.0,0.0,0.0,0.0,0.0,0.0,0.0,0.0,0.0,0.0,0.0,0.0,0.0,0.0726977879749029,-0.6477468982338905,0.05,0.0,0.0,0.0,0.0,0.0,0.0,0.0,0.0,0.0,0.0016108868539480394,-0.009493978473504907,0.95,3960,3960,0.010431020091918718,1.335170571765596,0.004067323223571293,0.18030966818332672,0.4496559798717499,0.39111241698265076,0.03848581628812427,400.32407597700757,0.11547501881917317,4.616936286290486,0.016059239705403645,5.313171823819478,8.503348032633463,0.010313272476196289,1.1977084875106812,95.2932276114783,0.02748769787307826,1.0990164888869731,0.003822744811886392,1.2647485433156973,2.0241387619661846,0.002454973558846891,0.2851032259421358,2025-04-15 21:07:20.458563
0.0003,6,0.041253261783605846,5.280417508301548,0,0.13749755807220937,0.13749755807220937,0.0,0.005753480887506157,0.0,0.0,0.0,0.0,0.0,0.0,0.0,0.0,0.0,0.0,0.0,0.0,0.0,0.0,0.0,0.0662580856724697,-1.094895679722814,0.053125,0.0,0.0,0.0,0.0,0.0,0.0,0.0,0.0,0.0,0.002358833131174443,-0.010613689263637113,0.946875,4680,4680,0.010489565715571782,1.342664411593188,,,,,0.040811886906931515,411.7359003680093,0.10890446390424456,4.602812732969012,0.015868425369262695,5.30447735105242,7.28858402797154,0.008839947836739677,1.028115885598319,95.7317178553973,0.02532111336989569,1.0701888504256738,0.0036895291833962114,1.2333313829128993,1.694651035062717,0.0020553548801714953,0.23904473667411444,2025-04-15 21:15:30.528115
0.0003,7,0.04126439559893854,5.281842636664133,0,0.10217869020998478,0.10217869020998478,0.0,0.004868695850018412,0.0,0.0,0.0,0.0,0.0,0.0,0.0,0.0,0.0,0.0,0.0,0.0,0.0,0.0,0.0,0.05226673552247345,-0.8144671736193485,0.04765625,0.0,0.0,0.0,0.0,0.0,0.0,0.0,0.0,0.0,0.002496849815800505,-0.01630386954037453,0.95234375,5280,5280,0.010375945241526248,1.3281209909153597,,,,,0.04075130431290303,420.2931171655655,0.11375272274017334,4.566741734743118,0.015774905681610107,5.406849980354309,6.377511024475098,0.007734954357147217,0.899601399898529,96.02725167646325,0.025989864904569792,1.0433948118423164,0.0036042009164373554,1.2353403305350648,1.4571136932881092,0.0017672580835225405,0.20553810307230108,2025-04-15 21:23:41.322328
0.0003,8,0.041257720120223815,5.280988175388648,0,0.13575586006045343,0.13575586006045343,0.0,0.009943847078830004,0.0,0.0,0.0,0.0,0.0,0.0,0.0,0.0,0.0,0.0,0.0,0.0,0.0,0.0,0.0,0.05913655748851945,-0.4921822358514661,0.041796875,0.33893706157612496,-0.9114501812519171,0.015234375,0.0,0.0,0.0,0.0,0.0,0.0,0.002448256524910883,-0.0181152666668163,0.94296875,6116,6116,0.010697908164547958,1.3693322450621386,,,,,0.0408533813918172,426.9486295912001,0.11636588308546278,4.548248105578953,0.015819787979125977,5.341421445210774,5.668898688422309,0.006875514984130859,0.7996456887986925,96.27975452951819,0.026241280291276266,1.0256601867156183,0.0035674673667360213,1.2045262214373182,1.2783743437626367,0.001550474340601531,0.18032541924737555,2025-04-15 21:31:50.885870
0.0003,9,0.041277702889945096,5.283545969912972,0,0.12756729274988174,0.12756729274988174,0.0,0.004649668338242918,0.0,0.0,0.0,0.0,0.0,0.0,0.0,0.0,0.0,0.0,0.0,0.0,0.0,0.0,0.0,0.03989331866882142,-0.7455377256733248,0.033984375,0.04663206517795549,-1.0486598235589486,0.02109375,0.0,0.0,0.0,0.0,0.0,0.0,0.002444936315990667,-0.01630639261132974,0.944921875,6720,6720,0.01059375521098359,1.3560006670058995,,,,,0.04079897169802895,432.274582862854,0.11776502132415771,4.510456132888794,0.015701603889465333,5.377604293823242,5.102008819580078,0.006187963485717774,0.7196811199188232,96.4631650278924,0.026279561965616722,1.0065196788032325,0.003503852567877281,1.2000261567767643,1.1385261550135135,0.0013808596817239777,0.16059865971859216,2025-04-15 21:40:01.112409
0.0003,10,0.08160182476315606,10.445033569683975,0,0.09188892524689436,0.09188892524689436,0.0,0.003476549463812262,0.0,0.0,0.0,0.0,0.0,0.0,0.0,0.0,0.0,0.0,0.0,0.0,0.0,0.0,0.0,0.035284678973747714,-0.7937906842482717,0.037109375,0.0008066569819978516,-1.3109725018342335,0.01875,0.0,0.0,0.0,0.0,0.0,0.0,0.002279355456180991,-0.018878367508695693,0.944140625,7082,7082,0.010626633442434374,1.3602090806315998,0.0045418945839628575,0.1550021916627884,0.35779306292533875,0.3115614652633667,0.07156898826945933,414.80479418147695,0.11762900785966353,4.541438991373235,0.015920812433416195,5.386745344508778,6.936240846460516,0.008370312777432528,0.9811670563437722,95.84384635061622,0.02717908933025649,1.0493344990353315,0.0036786264817800923,1.2446490502786267,1.6026719345200766,0.0019340253126290095,0.22670638464602058,2025-04-15 21:44:40.590622
0.0003,11,0.04125543419310784,5.280695576717804,0,0.10800939593464136,0.10800939593464136,0.0,0.0033998483442701398,0.0,0.0,0.0,0.0,0.0,0.0,0.0,0.0,0.0,0.0,0.0,0.0,0.0,0.0,0.0,0.038419163238408195,-0.23339215082091255,0.02890625,0.0008447482034430972,-0.7578675270080566,0.013671875,0.0,0.0,0.0,0.0,0.0,0.0,0.002379040051022144,-0.015503562394087289,0.957421875,7684,7684,0.010484512467236858,1.3420175958063179,,,,,0.040796946437796223,420.25382167100906,0.12208576997121175,4.529200116793315,0.01593226194381714,5.392729918162028,6.358220775922139,0.007672786712646484,0.9003575245539347,96.04044994519467,0.027900215715633947,1.0350564222808718,0.003640993910881681,1.2323986990772895,1.4530418349139598,0.0017534591007073615,0.2057583710384297,2025-04-15 21:52:50.831609
0.0003,12,0.041240579760840834,5.278794209387627,0,0.07109608352184296,0.07109608352184296,0.0,0.0027610252960585057,0.0,0.0,0.0,0.0,0.0,0.0,0.0,0.0,0.0,0.0,0.0,0.0,0.0,0.0,0.0,0.024182795454040527,-0.5791236498416998,0.03046875,0.00046126082888804377,-1.405405008792877,0.015625,0.0,0.0,0.0,0.0,0.0,0.0,0.002114462087283263,-0.016488087533635256,0.95390625,8402,8402,0.010559723762771043,1.3516446416346934,,,,,0.04082504182063733,424.8652738241049,0.12862299038813665,4.529623985290527,0.015822667341965895,5.358871441621047,5.869126870081975,0.0070825723501352165,0.8310992534344013,96.20922981580108,0.029126218602113788,1.0257172375080947,0.0035829867310652394,1.213497481956684,1.3290429005397655,0.001603823312712778,0.18819946933698892,2025-04-15 22:01:00.743551
0.0003,13,0.041246661984696904,5.279572734041204,0,0.08100889194756747,0.08100889194756747,0.0,0.0030968696752097457,0.0,0.0,0.0,0.0,0.0,0.0,0.0,0.0,0.0,0.0,0.0,0.0,0.0,0.0,0.0,0.03601721102721058,-1.1532615200678507,0.029296875,0.0010118661215528847,-0.8388097137212753,0.015625,0.0,0.0,0.0,0.0,0.0,0.0,0.0021211536262176764,-0.014161002960490303,0.955078125,9004,9004,0.010489728850376343,1.3426852928481718,,,,,0.04081700871109097,428.8176642826625,0.12461211000170026,4.534119674137661,0.015712652887616838,5.342061536652701,5.4499035222189764,0.006576674325125558,0.7717350210462298,96.35001240057933,0.027998796094397746,1.018760473777752,0.0035304382880318066,1.2002951191611546,1.224525749950524,0.0014776971789173534,0.17339929075018726,2025-04-15 22:09:10.747641
0.0003,14,0.04122416772769515,5.27669346914498,0,0.12290014103055,0.12290014103055,0.0,0.006627684331033379,0.0,0.0,0.0,0.0,0.0,0.0,0.0,0.0,0.0,0.0,0.0,0.0,0.0,0.0,0.0,0.029870274819631212,-0.8760885361765252,0.023828125,0.011162171309697442,-0.7254906845092773,0.01953125,0.33463022531941533,-0.8228693561894553,0.0109375,0.0,0.0,0.0,0.0021549073909245854,-0.013268221438989715,0.945703125,9852,9852,0.010695643988841057,1.3690424305716553,,,,,0.04080974588849305,432.2454195658366,0.12327766418457031,4.553477319081624,0.015717204411824545,5.3158947944641115,5.086576620737712,0.006138229370117187,0.7202860196431478,96.46897093484651,0.02751323406754043,1.0162496842376871,0.003507781614214197,1.186406874444029,1.1352273268197735,0.0013699362535571397,0.1607541640661564,2025-04-15 22:17:20.873870
0.0003,15,0.041212014608527574,5.275137869891529,0,0.11283943820744753,0.11283943820744753,0.0,0.00436575865605846,0.0,0.0,0.0,0.0,0.0,0.0,0.0,0.0,0.0,0.0,0.0,0.0,0.0,0.0,0.0,0.038467209985209326,-1.189170713386228,0.02421875,0.005226120171994951,-0.3914977061121087,0.01484375,0.06072627811438658,-0.8816718968478117,0.021484375,0.0,0.0,0.0,0.002184131840658287,-0.00905386495119321,0.939453125,10560,10560,0.01073310137112083,1.3738369755034663,0.003125376540701836,0.13918852806091309,0.3231102228164673,0.21926914155483246,0.03854343520430214,435.24255143105984,0.1218888908624649,4.579530283808708,0.015664830803871155,5.283562272787094,6.345892772078514,0.007541760802268982,0.8974921107292175,96.18744805853258,0.026937121198735873,1.012064031556664,0.003461886008936608,1.1676532315297512,1.4024254508029252,0.0016667091097893904,0.1983434851032527,2025-04-15 22:25:59.781550
0.0003,16,0.08183459848390463,10.474828605939793,0,0.0879886643961072,0.0879886643961072,0.0,0.0035728565067984163,0.0,0.0,0.0,0.0,0.0,0.0,0.0,0.0,0.0,0.0,0.0,0.0,0.0,0.0,0.0,0.05114500869264002,-0.4883082851034696,0.023828125,0.0045957203821412156,-0.46223666667938235,0.013671875,0.012613736558705568,-0.6356852921572599,0.0171875,0.0,0.0,0.0,0.002194550664218004,-0.01736638497961454,0.9453125,11032,11032,0.010821441670560325,1.3851445338317216,,,,,0.07965626418596321,423.76355223094714,0.11926737953634824,4.556862760992611,0.015651927274816176,5.36646385753856,5.9726049619562485,0.007098127813900218,0.845543622970581,96.16847692492796,0.027066419885462486,1.0341298796781655,0.003552032729182141,1.217860016407467,1.3554169995077112,0.0016108420303906482,0.1918868245430192,2025-04-15 22:30:10.872513
0.0003,17,0.04124171699342994,5.278939775159032,0,0.0970168724656105,0.0970168724656105,0.0,0.0037256132694892586,0.0,0.0,0.0,0.0,0.0,0.0,0.0,0.0,0.0,0.0,0.0,0.0,0.0,0.0,0.0,0.04611166887029651,-0.9588199636292836,0.024609375,0.0017785795664946949,-0.2346311750866118,0.01640625,0.008901267269350312,-0.7249759192819949,0.02109375,0.0,0.0,0.0,0.002531097847339959,-0.015337658298978802,0.937890625,11632,11632,0.010746591869337014,1.3755637592751377,,,,,0.04079628290318466,426.89938802189295,0.11810915999942356,4.560847070482042,0.015639583269755047,5.363780127631293,5.6407935751809015,0.006703787379794651,0.7985689772499932,96.27778524042333,0.026636928185917515,1.0285989324111302,0.003527164670514763,1.209682922370097,1.2721571584660487,0.00151189207517962,0.1800997018234105,2025-04-15 22:38:21.141510
0.0003,18,0.04125101140328356,5.280129459620296,0,0.09700808487832546,0.09700808487832546,0.0,0.0036799507681280373,0.0,0.0,0.0,0.0,0.0,0.0,0.0,0.0,0.0,0.0,0.0,0.0,0.0,0.0,0.0,0.03350389274481209,-0.7263851939363682,0.018359375,0.0025139123981949897,-1.1324766782613902,0.015234375,0.008226950077537017,-1.292383916102923,0.0203125,0.0,0.0,0.0,0.0030223563571885833,-0.02525503631961139,0.94609375,12254,12254,0.010700987113174623,1.3697263504863517,,,,,0.04087702221966745,429.70469348054183,0.12024540650217157,4.555209322979576,0.015623004812943308,5.31600903209887,5.343909702802959,0.006350956465068616,0.7565390310789409,96.38555060529335,0.02697182481204141,1.0217630046380528,0.0035043413391826887,1.1924153997846485,1.1986736167985486,0.0014245607391384135,0.16969661297925956,2025-04-15 22:46:30.425780
0.0003,19,0.04127872224573608,5.283676447454218,0,0.1089031295850873,0.1089031295850873,0.0,0.003507238160818815,0.0,0.0,0.0,0.0,0.0,0.0,0.0,0.0,0.0,0.0,0.0,0.0,0.0,0.0,0.0,0.013538817124855187,-1.1049017747243246,0.017578125,0.0011094881878567062,-0.8747740789335601,0.019140625,0.004773146420790765,-1.248669423555073,0.01484375,0.0,0.0,0.0,0.0033498923409319,-0.023885155578421604,0.9484375,12960,12960,0.010731001879350189,1.3735682405568241,,,,,0.040845090296064826,432.2298741221428,0.1166277527809143,4.539444041252136,0.015637552738189696,5.30835052728653,5.076714217662811,0.006033408641815186,0.7187120795249939,96.47742885914845,0.026032318438829968,1.0132429889060097,0.003490436390807052,1.1848696077488192,1.1331663175007272,0.0013467087489061557,0.16042272335620367,2025-04-15 22:54:40.100077
0.0003,20,0.0412660937489156,5.282059999861197,0,0.10824367366731166,0.10824367366731166,0.0,0.004175956035032869,0.0,0.0,0.0,0.0,0.0,0.0,0.0,0.0,0.0,0.0,0.0,0.0,0.0,0.0,0.0,0.006301595093894072,-1.1563387594439767,0.0171875,0.00039596213900949806,-1.4841799712181092,0.01953125,0.03631505702819245,-0.8518107762703528,0.0203125,0.0,0.0,0.0,0.003523196454075811,-0.02660687858518136,0.94296875,13680,13680,0.010768160083791637,1.3783244907253296,0.003323362253722735,0.15022991597652435,0.20685608685016632,0.07212285697460175,0.03848740200292367,434.51375334603443,0.11811023666745141,4.527762753622873,0.01564977282569522,5.285140128362746,6.105527866454351,0.007027478445143927,0.8503518104553223,96.25416551849924,0.02616396416010416,1.0029970792860965,0.003466762127300859,1.1707724986526777,1.352506072155311,0.0015567380047873517,0.1883713924076713,2025-04-15 23:03:19.764357
0.0003,21,0.04126006651320402,5.281288513690114,0,0.1636670485138893,0.1636670485138893,0.0,0.007449682278092951,0.0,0.0,0.0,0.0,0.0,0.0,0.0,0.0,0.0,0.0,0.0,0.0,0.26970169047514597,0.6621938188870747,0.005859375,0.03161978821330906,-0.8231446095134901,0.01796875,0.04144645593351015,-1.0462081357836723,0.01875,0.012157081382778975,-0.5504298155124371,0.025390625,0.0,0.0,0.0,0.004522846572956715,-0.02847022460172482,0.93203125,14528,14528,0.010866606157654952,1.390925588179834,,,,,0.040797514555492555,436.5905962857333,0.11722511594945734,4.5225033001466235,0.015636324882507324,5.295263268730857,5.828003872524608,0.0067080476067282934,0.8124237385663119,96.3375572779529,0.025866753471722792,0.997930153384395,0.0034502926925145355,1.1684465056781692,1.286000343713353,0.001480189738474079,0.17926844763481284,2025-04-15 23:11:30.018028
0.0003,22,0.08164876034634082,10.451041324331625,0,0.13597960844635965,0.13597960844635965,0.0,0.007830186560750008,0.0,0.0,0.0,0.0,0.0,0.0,0.0,0.0,0.0,0.0,0.0,0.0,0.14115512344454015,0.28230704580034527,0.00546875,0.034327140784755884,-1.1661619061515445,0.01640625,0.07725659003520732,-0.8325763597326764,0.023046875,0.014937324996387202,-0.21148383617401123,0.024609375,0.0,0.0,0.0,0.004671777913692516,-0.021907249148106194,0.93046875,14928,14928,0.010904315861095982,1.3957524302202857,,,,,0.07995338380762275,428.0472213081692,0.11880074376645296,4.529428606447966,0.01560838326163914,5.291913073995839,5.574612399806147,0.0064163933629574985,0.7771009673242983,96.32868833075017,0.026735180723205767,1.0193125777419532,0.0035125449055885267,1.19090382033704,1.254523037866087,0.0014439592776210152,0.17488051120652884,2025-04-15 23:15:40.178054
0.0003,23,0.04124487371072734,5.2793438349730994,0,0.1472924530506134,0.1472924530506134,0.0,0.007571887085214257,0.0,0.0,0.0,0.0,0.0,0.0,0.0,0.0,0.0,0.0,0.0,0.0,0.07986121923279237,0.3830988196765675,0.006640625,0.039673272402315225,-1.4579310384956565,0.014453125,0.04541593850646392,-0.9993895263556974,0.032421875,0.011748433024074663,-0.6204071255291209,0.0265625,0.0,0.0,0.0,0.00509132197454983,-0.022299152384897707,0.919921875,15738,15738,0.010992265414405436,1.4070099730438959,,,,,0.04079572870771546,430.2199617822965,0.11864895621935527,4.5313363671302795,0.015596469243367514,5.294799725214641,5.342336883147557,0.006149043639500936,0.7447217603524526,96.4027467970908,0.02658659825259715,1.0153719289156546,0.003494822669706358,1.186447226279223,1.197099148345529,0.0013778642315138232,0.16687562101981365,2025-04-15 23:23:50.437648
0.0003,24,0.08178202693201853,10.468099447298371,0,0.13384571596980094,0.13384571596980094,0.0,0.006091913883574307,0.0,0.0,0.0,0.0,0.0,0.0,0.0,0.0,0.0,0.0,0.0,0.0,0.04374525623279624,-0.44160400331020355,0.00625,0.027856305254519813,-0.4512278265423245,0.017578125,0.0153985783158813,-0.2917401477878476,0.031640625,0.005234968353232199,-0.8093950965187766,0.021484375,0.0,0.0,0.0,0.005123416549111139,-0.015597733599222468,0.923046875,16082,16082,0.010987063282681637,1.4063441001832495,,,,,0.08024707995531571,422.6149407196045,0.11944293022155762,4.521841278076172,0.015621070861816405,5.27092206954956,5.128643407821655,0.005903081893920898,0.7149328899383545,96.40109805640667,0.027245675718011304,1.0314601365041305,0.0035632634788819815,1.2023301790362244,1.1698754786376255,0.0013465297169141688,0.16308064146843446,2025-04-15 23:27:59.678565
0.0003,25,0.041235998072157234,5.278207753236126,0,0.1189853148534894,0.1189853148534894,0.0,0.007829340756870806,0.0,0.0,0.0,0.0,0.0,0.0,0.0,0.0,0.0,0.0,0.0,0.0,0.22250267915212765,0.5091747733262869,0.005078125,0.022684931467769533,-0.16588186366217478,0.013671875,0.033381136489056405,-0.7479000013499033,0.0328125,0.006143655487706503,-0.9880690344844956,0.032421875,0.0,0.0,0.0,0.0055619043836207275,-0.008093620452291167,0.916015625,16862,16862,0.011046877864669888,1.4140003666777456,0.003595435378374532,0.252400666475296,0.09415584802627563,0.03147537633776665,0.038542706499791884,424.8299334691121,0.11956793528336745,4.527457118034363,0.015584908998929538,5.275160101743845,5.891330948242774,0.006815415162306566,0.8237116978718684,96.22649549509784,0.027082845344605738,1.0254958458675973,0.0035300741718710354,1.1948549990846644,1.334421344376458,0.0015437318906827851,0.18657565182230984,2025-04-15 23:36:38.609706
0.0003,26,0.08182759339331902,10.473931954344835,0,0.13136495538055898,0.13136495538055898,0.0,0.008665084023959935,0.0,0.0,0.0,0.0,0.0,0.0,0.0,0.0,0.0,0.0,0.0,0.0,0.09375848942103662,0.4714209719427994,0.0109375,0.02384121043936963,-1.1501007719737728,0.016015625,0.018381895753166948,-0.21582998116811117,0.029296875,0.006628010356392238,-1.467651885653299,0.024609375,0.0,0.0,0.0,0.0071328858390950775,0.006591481561552855,0.919140625,17454,17454,0.011173909059518388,1.4302603596183536,,,,,0.08011964981410284,417.9883782422101,0.11846812566121419,4.515173973860564,0.01560370127360026,5.273333787918091,5.673133505715264,0.006562992378517434,0.7940723984329788,96.22538550902637,0.0272726268376687,1.03944123542902,0.0035921385583352716,1.213977766646596,1.3060158775880972,0.00151087088682091,0.18280394058471552,2025-04-15 23:40:48.258641
0.0003,27,0.04125352521735483,5.280451227821418,0,0.15138513334095477,0.15138513334095477,0.0,0.010462109535001218,0.0,0.0,0.0,0.0,0.0,0.0,0.0,0.0,0.0,0.0,0.0,0.0,0.07198136764834973,0.6639142986656963,0.026953125,0.015257671190839674,-0.29406042098999025,0.017578125,0.011646445669037732,0.5808982305359423,0.022265625,0.015215888769847205,-0.8032188288281473,0.034765625,0.0,0.0,0.0,0.00830940376157346,0.0016700195099996484,0.8984375,18290,18290,0.011257071778107919,1.4409051875978136,,,,,0.040808381460102836,420.21037134102414,0.11863567999431066,4.513471220220838,0.01555539880480085,5.2745005403246195,5.470521594796862,0.006328599793570382,0.7657126699175153,96.29568090451704,0.027186629278484035,1.0343099886065934,0.003564685266737419,1.208708021078665,1.253628272411941,0.0014502660282972174,0.17547121145918346,2025-04-15 23:48:58.374718
0.0003,28,0.08167782365758526,10.454761428170913,0,0.15363579466938973,0.15363579466938973,0.0,0.009556129574775696,0.0,0.0,0.0,0.0,0.0,0.0,0.0,0.0,0.0,0.0,0.0,0.0,0.036954697920009494,0.6273716015346122,0.02578125,0.004579324837929259,-1.5518382887045543,0.01171875,0.015457836259884061,-0.424786074552685,0.025,0.008508618332424693,-0.24208108025990174,0.034765625,0.0,0.0,0.0,0.008715159007864357,0.010573991316832902,0.902734375,18776,18776,0.011332844281925145,1.4506040680864185,,,,,0.08003848033807506,413.99956639881793,0.11895725644867995,4.516972106078575,0.015555570865499562,5.266239914400824,5.281882919114212,0.0061103722144817485,0.7393087847479458,96.29137626020984,0.02766804332482707,1.0505940003915097,0.003618040811446737,1.22486482701627,1.2285031599208318,0.0014211999184264694,0.17195443218427053,2025-04-15 23:53:08.265285
0.0003,29,0.04123574479459706,5.278175333708424,0,0.13168627358973026,0.13168627358973026,0.0,0.009340181783773004,0.0,0.0,0.0,0.0,0.0,0.0,0.0,0.0,0.0,0.0,0.0,0.0,0.027081611064764168,0.8718694964280496,0.0203125,0.03136627914616838,-0.33193097829818724,0.009765625,0.011610112213469172,0.28018811306396085,0.030078125,0.007048697867123717,-0.647195136154091,0.035546875,0.0,0.0,0.0,0.00871838189613227,0.02522858278926454,0.904296875,19390,19390,0.011276508263080177,1.4433930576742626,,,,,0.04077441667597489,416.20646761258445,0.11859002908070883,4.522574114799499,0.015549770991007487,5.274312027295431,5.105820155143737,0.00590669314066569,0.7146651585896809,96.35214452020051,0.027453690679490415,1.0469796810512217,0.003599784958594607,1.2210076883717285,1.182001626030684,0.001367404390398977,0.16544558050472477,2025-04-16 00:01:18.788383
0.0003,30,0.0412472010586742,5.279641735510298,0,0.12737179473042487,0.12737179473042487,0.0,0.009877737052738667,0.0,0.0,0.0,0.0,0.0,0.0,0.0,0.0,0.0,0.0,0.0,0.0,0.04838349377470357,0.711552563735417,0.02734375,0.025093251927875614,-0.030904752366683063,0.01328125,0.006895986112455527,-0.08417392015457154,0.029296875,0.0027611921567553548,-0.47602628054243795,0.034765625,0.0,0.0,0.0,0.0088499336394548,0.013272965102607667,0.8953125,20130,20130,0.011294569444804803,1.4457048889350148,0.006871870307950303,0.12490995973348618,0.06718379259109497,0.01861020363867283,0.03855422852696907,418.27056554055986,0.1170114855612478,4.524809714286558,0.015550021202333512,5.260170467438236,5.764722593369022,0.006563732700963174,0.8043721568199896,96.20639947887251,0.026913808072947243,1.0407513384929377,0.003576659882254054,1.2098916419406938,1.3259436603811465,0.0015097239498201502,0.18501367081856268,2025-04-16 00:09:57.553161
0.0003,31,0.08163031172089902,10.448679900275074,0,0.12210889309644699,0.12210889309644699,0.0,0.0096784288296476,0.0,0.0,0.0,0.0,0.0,0.0,0.0,0.0,0.0,0.0,0.0,0.0,0.023995668684732015,0.6986178046424095,0.028515625,0.019188526822133633,-0.722678581188465,0.011328125,0.009987932020733349,-0.2958692700363869,0.03359375,0.0043696928808679555,-0.7670947742891742,0.043359375,0.0,0.0,0.0,0.009343047207406746,0.018180702861986663,0.883203125,20708,20708,0.01139071803255686,1.458011908167278,,,,,0.07949658397905561,412.70301230996847,0.11679784953594208,4.5325001403689384,0.015567615628242493,5.3015904650092125,5.5845750123262405,0.006358616054058075,0.779683344066143,96.19218019450342,0.02722306223549817,1.0564281268354823,0.003628475787780188,1.2356865630174543,1.3016441118000328,0.0014820564013722922,0.18172738867903798,2025-04-16 00:14:09.154809
0.0003,32,0.04124874820622624,5.279839770396959,0,0.10792141817510129,0.10792141817510129,0.0,0.009700844692997635,0.0,0.0,0.0,0.0,0.0,0.0,0.0,0.0,0.0,0.0,0.0,0.0,0.02598447887899561,0.8300146609544754,0.017578125,0.03328336208263257,-0.8415604984318769,0.010546875,0.010714341817861971,0.023175563005840078,0.03984375,0.0013702937413344754,-0.5882564363898811,0.035546875,0.0,0.0,0.0,0.009389389911767963,0.008663552239829418,0.896484375,21532,21532,0.011447846616121764,1.4653243668635858,,,,,0.040886037417841636,414.7483403465965,0.11672009843768495,4.532525474374944,0.015509959423180782,5.271865678556038,5.415345466498173,0.006165930719086618,0.7560565760641387,96.26001604425358,0.027089869820598095,1.05196557150708,0.0035997466359321524,1.223561005539235,1.2568615489929778,0.0014310668234405258,0.17547512807761534,2025-04-16 00:22:18.336455
0.0003,33,0.08171457259686819,10.459465292399129,0,0.11384416557848454,0.11384416557848454,0.0,0.008922239928506315,0.0,0.0,0.0,0.0,0.0,0.0,0.0,0.0,0.0,0.0,0.0,0.0,0.026410845003842727,0.3544872803766219,0.023828125,0.021672294871325815,-0.5023314568304247,0.012109375,0.006363516682487668,-0.0750516045440748,0.040234375,0.002128589766022439,0.12489684422810872,0.029296875,0.0,0.0,0.0,0.008621373551381206,0.011179937617487262,0.89453125,21860,21860,0.011428512630537584,1.4628496167088108,,,,,0.07996052165811011,409.611661826863,0.11596455293543198,4.532819481456981,0.015522472998675178,5.275511566330405,5.256070599836462,0.00598457981558407,0.7338196179446053,96.25524798157325,0.02725068116979146,1.0651739291245301,0.003647648802553617,1.2397002826561074,1.2351317751538091,0.0014063252292315094,0.17244135331492902,2025-04-16 00:26:28.482389
0.0003,34,0.041254454312254565,5.280570151968584,0,0.1075972143560648,0.1075972143560648,0.0,0.00975561428349465,0.0,0.0,0.0,0.0,0.0,0.0,0.0,0.0,0.0,0.0,0.0,0.0,0.042162885215865184,0.8248908470074335,0.01640625,0.024073924434980236,-0.7940501891649686,0.01015625,0.0065545117979906664,-0.05882707105151245,0.04375,0.0012308214791119099,-0.7362648979121563,0.03984375,0.0,0.0,0.0,0.009533783968757181,0.01560058305407952,0.88984375,22612,22612,0.011446191648188818,1.4651125309681687,,,,,0.04080213566052106,411.6285986491612,0.11587469237191336,4.5308285985674175,0.015495504651750838,5.279085724694388,5.105897154126849,0.005813591820853097,0.7128533431461879,96.31117133465774,0.02711188529418484,1.0601046935918066,0.0036255746280246994,1.2351788670457042,1.1946568757419702,0.0013602403714547847,0.1667905016647122,2025-04-16 00:34:38.678129
0.0003,35,0.08161836188815283,10.447150321683562,0,0.12354161478579044,0.12354161478579044,0.0,0.009472916880622507,0.0,0.0,0.0,0.0,0.0,0.0,0.0,0.0,0.0,0.0,0.0,0.0,0.015027413158757805,0.5581777167731318,0.02265625,0.017451637526832972,-1.259318476373499,0.012890625,0.004852467667660676,-0.4026509905233979,0.05,0.006080657544615208,-0.4927936587670837,0.038671875,0.0,0.0,0.0,0.009625366976173938,0.01702066502607794,0.87578125,23152,23152,0.011532412881606653,1.4761488488456516,0.007038034340366721,0.13779397308826447,0.04546966776251793,0.014065009541809559,0.07159342304009873,406.8637463185522,0.11587272087732951,4.538487937715319,0.015466643704308404,5.273617300722334,5.674379580550724,0.006393790245056152,0.7946000496546427,96.12107379948542,0.02737479182054393,1.0722123510548736,0.0036539760899910517,1.2458857844662692,1.3405653940996973,0.0015105253037764911,0.1877233730747123,2025-04-16 00:39:18.047988
0.0003,36,0.04127034207038932,5.282603785009833,0,0.13632531501352788,0.13632531501352788,0.0,0.010292040347121657,0.0,0.0,0.0,0.0,0.0,0.0,0.0,0.0,0.0,0.0,0.0,0.0,0.02230365737923421,0.5684716545873219,0.017578125,0.019700569913506376,-0.6193242371082306,0.0109375,0.024364083507653633,-0.3753554471042178,0.042578125,0.00369191460470718,-0.9479463984046066,0.04453125,0.0,0.0,0.0,0.009591775679756812,0.012457637939036103,0.884375,23918,23918,0.011532394343468753,1.4761464759640004,,,,,0.04078501182709761,408.84596388404435,0.11614267890517777,4.5309780030637175,0.0154930643133215,5.287240782299557,5.521017970265569,0.006220985103297878,0.7734450714008229,96.17721182789391,0.027321485395635284,1.0658704492232205,0.0036445993355779284,1.2437742762254707,1.2987681467792112,0.0014634289069996676,0.18194576207301172,2025-04-16 00:47:28.442823
0.0003,37,0.0817008569986694,10.457709695829683,0,0.1131616186350584,0.1131616186350584,0.0,0.009707484487444162,0.0,0.0,0.0,0.0,0.0,0.0,0.0,0.0,0.0,0.0,0.0,0.0,0.02655307903628925,0.49149006142698487,0.02265625,0.02333093576349451,-0.5962691477366856,0.008203125,0.02091512629463907,-0.16623151070863298,0.040234375,0.0024483511224389076,-0.04690525105329064,0.048046875,0.0,0.0,0.0,0.00903136434153284,0.011105204110927962,0.880859375,24380,24380,0.011576127187099893,1.4817442799487863,,,,,0.08008306207353216,404.40550745788374,0.1150660703056737,4.532669079931159,0.015470542405780992,5.278812107286956,5.375728023679633,0.006057274969000565,0.7530912537323801,96.17655946213324,0.0273652523240677,1.077968794313643,0.0036792365933740532,1.255418114834182,1.2784668269522133,0.0014405537399740898,0.17910172935156632,2025-04-16 00:51:38.203143
0.0003,38,0.04122098507155386,5.276286089158894,0,0.11100144386291504,0.11100144386291504,0.0,0.008825153950601817,0.0,0.0,0.0,0.0,0.0,0.0,0.0,0.0,0.0,0.0,0.0,0.0,0.004995047712000087,0.5219319877028465,0.01953125,0.019724029980134217,-0.7004413080215454,0.009765625,0.014813384428572166,-0.3534759062117544,0.0453125,0.00170801306127483,-0.28850639681530815,0.045703125,0.0,0.0,0.0,0.0088505111833237,0.010069774625885762,0.8796875,24992,24992,0.01152343835867849,1.4750001099108467,,,,,0.04076790765072985,406.3489081309392,0.1157846939869416,4.540140433189197,0.015474258325038811,5.2822361298096485,5.237888843585283,0.005901960226205679,0.733781221585396,96.22733650100822,0.027418931088544925,1.075148997534776,0.003664453461425857,1.250884499578776,1.2403825437230982,0.0013976410452655986,0.17376646304378882,2025-04-16 00:59:48.798095
0.0003,39,0.041232887017716054,5.277809538267655,0,0.0991841496899724,0.0991841496899724,0.0,0.008350724843330682,0.0,0.0,0.0,0.0,0.0,0.0,0.0,0.0,0.0,0.0,0.0,0.0,0.016289998679824818,0.4362925738096237,0.0203125,0.005255228388072599,-1.1972999624584033,0.008984375,0.0045674016912623,0.15572868833939235,0.046875,0.001287391643431461,-0.08659665083343332,0.034375,0.0,0.0,0.0,0.008673046548271264,0.01095283061566979,0.889453125,25662,25662,0.011499499048701666,1.4719358782338132,,,,,0.0408111933619172,408.19498708844185,0.114733225107193,4.545591795444489,0.015493524074554444,5.276062947511673,5.106941622495651,0.005754411220550537,0.7154366910457611,96.27807903555369,0.02706131839997571,1.0721367483387225,0.0036543484917074915,1.2444278736171188,1.2045383816878268,0.0013572524793774687,0.1687450176121704,2025-04-16 01:07:58.872010
0.0003,40,0.041224037018279126,5.276676738339728,0,0.12679091803729534,0.12679091803729534,0.0,0.009078873158432543,0.0,0.0,0.0,0.0,0.0,0.0,0.0,0.0,0.0,0.0,0.0,0.0,0.0034851889717034423,0.44554942502425265,0.0203125,0.05153477848026618,0.8300857388454935,0.008984375,0.003694762047066783,-0.4045987782570032,0.040625,0.0007647878848233218,-0.661122278733687,0.04296875,0.0,0.0,0.0,0.009426245286253673,0.01737834242197555,0.887109375,26418,26418,0.011514523780197914,1.473859043865333,0.005882883743615821,0.015362074598670006,0.0030755328480154276,0.0018542491598054767,0.038488782520276855,409.95139467425463,0.11593444172928973,4.550992407449862,0.01555034009421744,5.286712064975646,5.593375735166596,0.006255266143054497,0.7884749493947844,96.1630396405637,0.027194951549265836,1.0675345149862214,0.0036476713833177485,1.240113604873721,1.3120482562884952,0.0014673090856412252,0.18495404179894662,2025-04-16 01:16:38.530165
0.0003,41,0.08172293073905125,10.46053513459856,0,0.09295383524149656,0.09295383524149656,0.0,0.008396669756621122,0.0,0.0,0.0,0.0,0.0,0.0,0.0,0.0,0.0,0.0,0.0,0.0,0.011183033611962094,0.3045985340266614,0.014453125,0.030558415798805073,-0.9545118182897567,0.0078125,0.004230873616488308,-0.6504012784179376,0.057421875,0.000863312314203406,-0.49439273163920544,0.04765625,0.0,0.0,0.0,0.008837632894942882,0.00727384053871049,0.87265625,26898,26898,0.011543900947537251,1.4776193212847681,,,,,0.07982180534974334,405.90747561341243,0.11647982824416388,4.548951228459676,0.01553753444126674,5.299892964817229,5.460200122424534,0.0061063312348865325,0.7701054243814378,96.15817985096875,0.027593697939132415,1.077631964522156,0.003680792104126944,1.2555277045051856,1.293503906526798,0.0014465702959189483,0.182435506490657,2025-04-16 01:20:49.111508
0.0003,42,0.02758258257577434,3.5305705696991154,0,0.08870518915355205,0.08870518915355205,0.0,0.008085390576161445,0.0,0.0,0.0,0.0,0.0,0.0,0.0,0.0,0.0,0.0,0.0,0.0,0.01365824031257789,0.24754059283023186,0.018359375,0.017424851333739104,-1.4279211929866247,0.0109375,0.004402170375832458,-0.14918680086623143,0.053515625,0.0008582275816782688,-0.5782159765561422,0.0328125,0.0,0.0,0.0,0.008345220119498222,0.010282386996036284,0.884375,27870,27870,0.01149931626839961,1.4719124823551502,,,,,0.02738079977205054,413.2189221326695,0.1161832476771155,4.551913760429205,0.015530747036601221,5.3013740972031,5.333218724228615,0.005964323531749637,0.7521959959074508,96.25516957524482,0.027063712739110464,1.0603222830181311,0.0036177304803053506,1.2349015276253674,1.2423193740331144,0.0013893288574182545,0.17521645128498245,2025-04-16 01:32:59.570970
0.0003,43,0.08170941855034752,10.458805574444483,0,0.12412997707724571,0.12412997707724571,0.0,0.008278646669350565,0.0,0.0,0.0,0.0,0.0,0.0,0.0,0.0,0.0,0.0,0.0,0.0,0.008194501292025423,0.5311792503904413,0.02109375,0.011801374175221375,-1.0586221555004949,0.008984375,0.003943026362469903,-0.15738788887306496,0.052734375,0.0009203752458833673,-0.3407628872293107,0.03671875,0.0,0.0,0.0,0.008811259042296456,0.011322258210541827,0.88046875,28184,28184,0.0114772550184059,1.4690886423559553,,,,,0.08005808634941136,409.28440823338246,0.11625329472801903,4.551436451348391,0.01553388617255471,5.296171415935863,5.212009207768873,0.005828770724209872,0.7351006323640997,96.25312639222709,0.02733977362897298,1.0703803497151991,0.0036531689921517644,1.2455228465861765,1.2257300081335247,0.001370776393975826,0.172876690767075,2025-04-16 01:37:09.408470
0.0003,44,0.0412293146139612,5.277352270587033,0,0.10924925468862057,0.10924925468862057,0.0,0.008164115902036428,0.0,0.0,0.0,0.0,0.0,0.0,0.0,0.0,0.0,0.0,0.0,0.0,0.014130983564632051,0.596157860390994,0.019140625,0.0017813250806648284,-0.3193823313713074,0.009765625,0.0021625293045153104,-0.11315367110939913,0.050390625,0.0007479480746868913,-0.8139344860206951,0.034375,0.0,0.0,0.0,0.00873442046071738,0.01981410548360193,0.886328125,28832,28832,0.011448626085450851,1.465424138937709,,,,,0.04084755402356798,410.8605833106571,0.11651340060763889,4.555627828174167,0.015532975726657443,5.279721148808798,5.096186780929566,0.005699242485894097,0.7187650627560086,96.2995201314174,0.0273089827137579,1.0677704106231898,0.003640695090867499,1.237486993172407,1.1944692711798046,0.0013358164272701894,0.16846768330243075,2025-04-16 01:45:19.061876
0.0003,45,0.04124292383958049,5.279094251466303,0,0.10607168152928352,0.10607168152928352,0.0,0.008809818071313202,0.0,0.0,0.0,0.0,0.0,0.0,0.0,0.0,0.0,0.0,0.0,0.0,0.008999383157620637,0.2540940955663339,0.015234375,0.0045227971859276295,-1.2126730879147847,0.00703125,0.02416290352260296,-1.0108504784412873,0.045703125,0.0006993420007775593,-0.48339761881267324,0.03984375,0.0,0.0,0.0,0.008416092437537038,0.011861481242234151,0.8921875,29550,29550,0.011448893465271408,1.4654583635547402,0.00817727275658399,0.10488931834697723,0.015551791526377201,0.0018134359270334244,0.0385294433617686,412.3681339077328,0.11709125663923181,4.555802423021068,0.01552569347879161,5.279739918916122,5.531915042711341,0.0061519612436709194,0.7842435577641362,96.19966334048725,0.027315736941324956,1.06280438109329,0.003621925078530768,1.2316887774813048,1.290517673356595,0.0014351656974961272,0.1829530047695768,2025-04-16 01:53:58.169879
0.0003,46,0.04127189337084367,5.28280235146799,0,0.09324997216463089,0.09324997216463089,0.0,0.009394943155348301,0.0,0.0,0.0,0.0,0.0,0.0,0.0,0.0,0.0,0.0,0.0,0.0,0.028825967562721766,0.45022806715457997,0.018359375,0.017038484797272498,-1.6387407055922918,0.0109375,0.016243491075275576,-0.48614119628773017,0.053125,0.0010821352200429445,-0.935714917747598,0.0296875,0.0,0.0,0.0,0.008767179282709097,0.018373271677392305,0.887890625,30372,30372,0.011472227650416722,1.4684451392533404,,,,,0.04081923379596622,413.8112860030316,0.11709111294847854,4.549410033733286,0.015501453521403861,5.2819440212655575,5.414214722653653,0.00602106845125239,0.7679389842013096,96.24337296533497,0.027232808856605287,1.0580923755801628,0.0036052959965774036,1.228463647071294,1.2592268613547326,0.001400367646327196,0.17860566052943672,2025-04-16 02:02:08.152977
0.0003,47,0.04122485722750534,5.276781725120683,0,0.10639171749353409,0.10639171749353409,0.0,0.008357713790610432,0.0,0.0,0.0,0.0,0.0,0.0,0.0,0.0,0.0,0.0,0.0,0.0,0.007090199777303496,0.2360798731446266,0.015625,0.01714176328757524,-0.47952981428666547,0.00859375,0.007037772156351002,-0.39922491033026514,0.055078125,0.0007574133128929494,-0.24930877047915792,0.03359375,0.0,0.0,0.0,0.008664710019874657,0.011695902130247895,0.887109375,30986,30986,0.011432983763619538,1.4634219217433009,,,,,0.040750478371107686,415.1949532578389,0.1177034725745519,4.554115896423657,0.015495558579762777,5.290010477105777,5.301418582598369,0.005895629525184631,0.7519402553637823,96.28121349188949,0.02729472765207131,1.056072096854408,0.003593326874731351,1.2267216569864563,1.2293670969647963,0.001367161042130686,0.17437042452408313,2025-04-16 02:10:18.986231
0.0003,48,0.04123893627870267,5.278583843673942,0,0.10337233357131481,0.10337233357131481,0.0,0.007865975541062654,0.0,0.0,0.0,0.0,0.0,0.0,0.0,0.0,0.0,0.0,0.0,0.0,0.008603301973683605,0.21913823733727136,0.009375,0.03377103413652588,-1.1670131631519483,0.008984375,0.0036223922896242104,-0.269709898936038,0.058984375,0.0005497351653916253,-0.9439694056607256,0.038671875,0.0,0.0,0.0,0.008198090928137117,0.01199858865799021,0.883984375,31644,31644,0.01141133310614964,1.460650637587154,,,,,0.04085452832984546,416.52187180519104,0.11682517187935966,4.556762116295951,0.015491699685855788,5.275617599487305,5.193226366626973,0.005775310555282904,0.7365945358665622,96.32296993576233,0.02701646247268109,1.0537762601280172,0.0035825406157601655,1.220015568161929,1.2009621127799415,0.0013355722775739074,0.17034153098761098,2025-04-16 02:18:28.558416
0.0003,49,0.04123454343579995,5.278021559782394,0,0.10956845209002494,0.10956845209002494,0.0,0.008396991482004523,0.0,0.0,0.0,0.0,0.0,0.0,0.0,0.0,0.0,0.0,0.0,0.0,0.01571817136618847,0.5063161384314299,0.0125,0.026018017656910655,-0.477993444962935,0.00859375,0.006433402184910815,-0.21654462752671078,0.056640625,0.0007475961682119189,-0.23692394951556592,0.03671875,0.0,0.0,0.0,0.008565418221743348,0.01437473160399179,0.885546875,32394,32394,0.01142362126811787,1.4622235223190874,,,,,0.040802991642181076,417.79545429706576,0.11856120586395263,4.5576632833480835,0.015555386543273925,5.273206653594971,5.089361839294433,0.005659804344177246,0.7218626451492309,96.36007925306865,0.02734488151052653,1.051176576181592,0.003587684510938252,1.2162090848857094,1.173807194736152,0.0013053736931613429,0.1664899437774907,2025-04-16 02:26:38.738202
0.0003,50,0.08164978188079615,10.451172080741907,0,0.09458024352788925,0.09458024352788925,0.0,0.008090181369334459,0.0,0.0,0.0,0.0,0.0,0.0,0.0,0.0,0.0,0.0,0.0,0.0,0.012282544301246832,0.11570497053234201,0.01484375,0.02665711434251121,-1.520584453235973,0.00859375,0.004257854056481461,-0.22005866695258577,0.04609375,0.002047596883063239,-0.3543635290346028,0.031640625,0.0,0.0,0.0,0.008252667945553457,0.01136487924446494,0.898828125,32726,32726,0.0114118723578973,1.4607196618108544,0.009265815175604075,0.003361110109835863,0.0023961937986314297,0.00203922507353127,0.07176467398422168,414.3112173360937,0.11778694508122463,4.561348428913191,0.015549729852115406,5.266132219164979,5.484926854862886,0.006148221446018593,0.7774772036309335,96.23046693297321,0.027357918997833686,1.059446789735907,0.0036116757204205665,1.2231441997621062,1.2739627851024098,0.0014280236590305476,0.1805816795400077,2025-04-16 02:31:17.444794
0.0003,51,0.04124547424636662,5.279420703534927,0,0.10739743895828724,0.10739743895828724,0.0,0.007914860895834864,0.0,0.0,0.0,0.0,0.0,0.0,0.0,0.0,0.0,0.0,0.0,0.0,0.01575501715165696,0.6055514514446259,0.013671875,0.03342614839319773,-1.0797556172246519,0.008984375,0.0011508389250733532,-0.5965182827069209,0.05078125,0.0009672667602472733,-0.7076767271598884,0.044140625,0.0,0.0,0.0,0.008270432591279981,0.013213173795084132,0.882421875,33502,33502,0.011418133625945247,1.4615211041209917,,,,,0.040745149018770625,415.57835545448154,0.11650156057797946,4.562727529268998,0.015536166154421292,5.279544839492211,5.379447492269369,0.006029986418210543,0.7628640165695777,96.26531985963445,0.026986631632729872,1.0569184349292922,0.0035988255514707757,1.22296332361956,1.2461049203226369,0.0013967969305414643,0.1767111968191026,2025-04-16 02:39:28.324800
0.0003,52,0.0412453307878791,5.279402340848525,0,0.08790065236389637,0.08790065236389637,0.0,0.007511470862664282,0.0,0.0,0.0,0.0,0.0,0.0,0.0,0.0,0.0,0.0,0.0,0.0,0.01766862788831648,0.28427542172945464,0.015234375,0.014064189836582435,-0.3240601420402527,0.00546875,0.0010941016829967725,0.019910328315966057,0.0515625,0.0007165702762708903,-1.1857876354288832,0.041796875,0.0,0.0,0.0,0.007990430219253325,0.010862826407481332,0.8859375,34206,34206,0.011413653189549669,1.4609476082623576,,,,,0.04086258849732159,416.79773792230856,0.11749803345158415,4.561747919838384,0.015530122900908848,5.26604260588592,5.277948482981268,0.005916213089565061,0.7484703558795857,96.30464637217142,0.027148915484492425,1.0540304811848888,0.0035883663897599482,1.216763756603004,1.2195146853671155,0.001366991126902849,0.17294041302228175,2025-04-16 02:47:37.789193
0.0003,53,0.0817492870513151,10.463908742568332,0,0.10387846305966378,0.10387846305966378,0.0,0.007235498121008277,0.0,0.0,0.0,0.0,0.0,0.0,0.0,0.0,0.0,0.0,0.0,0.0,0.01326798539957963,0.9453272692859173,0.015625,0.0036176630320759223,-0.9151259618146079,0.00546875,0.0008897896593057171,-0.5005633574944955,0.052734375,0.0005860787639235202,-0.5790074345393058,0.045703125,0.0,0.0,0.0,0.00787613790121984,0.012496200063742677,0.88046875,34586,34586,0.01141890961990847,1.4616204313482841,,,,,0.08035322079686119,413.52553686389217,0.11700129950488056,4.559425058188261,0.015521261427137587,5.247695865454497,5.180208696259393,0.0058066535879064485,0.7346097937336674,96.30628944794161,0.02724852520924499,1.0618481090675727,0.0036147588536740854,1.222140067615121,1.2064229016814139,0.0013523161481195486,0.17108385606157403,2025-04-16 02:51:46.705513
0.0003,54,0.041227351280576405,5.27710096391378,0,0.0961519081145525,0.0961519081145525,0.0,0.007169263507239521,0.0,0.0,0.0,0.0,0.0,0.0,0.0,0.0,0.0,0.0,0.0,0.0,0.009163982342119868,0.9499462090040508,0.01484375,0.02031286093707812,-1.2436823972633906,0.00546875,0.0005173489628359676,-0.382385694026947,0.048828125,0.00039766324526972996,-0.4791679877155232,0.04140625,0.0,0.0,0.0,0.007735565717041257,0.004605672550033885,0.889453125,35236,35236,0.01139779071820862,1.4589172119307035,,,,,0.040843221730512226,414.73769518678836,0.1173283186825839,4.563125068491155,0.015524144606156783,5.235639676180753,5.086023083600131,0.005701078068126332,0.7212532520294189,96.34256851685291,0.027255086076883026,1.0600029721534765,0.003606221432827783,1.216226521266729,1.1814709226981552,0.0013243467154607587,0.16754539473522354,2025-04-16 02:59:56.398905
0.0003,55,0.041243777874078284,5.27920356788202,0,0.07919105179607869,0.07919105179607869,0.0,0.007129867048934102,0.0,0.0,0.0,0.0,0.0,0.0,0.0,0.0,0.0,0.0,0.0,0.0,0.007687824839305859,0.7538701339465815,0.016015625,0.021167153003401697,-0.3480809193391066,0.01015625,0.0010828645693847037,-0.6529305656399347,0.044140625,0.00038596032541832545,-0.8048657178878784,0.043359375,0.0,0.0,0.0,0.00758999888200285,0.005343757658448183,0.886328125,35882,35882,0.011376183605165896,1.4561515014612347,0.011248461951036006,0.00674391258507967,0.0029078952502459288,0.0023476623464375734,0.0385054841745932,415.90686130097936,0.11717440826552254,4.563579802002225,0.015488850218909127,5.2400864107268195,5.448900903974261,0.006130980593817574,0.7724271246365139,96.25899406486252,0.02711927048883758,1.0562114789386965,0.00358479573198137,1.212784624739568,1.2611134092258058,0.0014189764091556802,0.17877337867419105,2025-04-16 03:08:35.829495
0.0003,56,0.04125604552632102,5.2807738273690905,0,0.08173585925251245,0.08173585925251245,0.0,0.007391463662497699,0.0,0.0,0.0,0.0,0.0,0.0,0.0,0.0,0.0,0.0,0.0,0.0,0.014851968151615989,0.45430820819103357,0.012890625,0.027637115043365735,-1.136004009030082,0.00859375,0.00047006972792272377,-0.4813800472912826,0.049609375,0.00037390731831335726,-0.07161779321876227,0.03984375,0.0,0.0,0.0,0.007788303578256094,0.013814188742941418,0.8890625,36670,36670,0.011386074945192563,1.457417592984648,,,,,0.04081790390771951,417.03465158060976,0.11762449197601854,4.561006479095995,0.015506819674843237,5.2396378726289985,5.353306151272958,0.006023419530768143,0.7590976807109097,96.29353721610285,0.027159561807848013,1.0531389789148566,0.003580533444411602,1.209835377100612,1.236081421898714,0.0013908109807084222,0.17527608435210418,2025-04-16 03:16:45.823370
0.0003,57,0.041227964740118306,5.277179486735143,0,0.07954726330935954,0.07954726330935954,0.0,0.006620150548405946,0.0,0.0,0.0,0.0,0.0,0.0,0.0,0.0,0.0,0.0,0.0,0.0,0.009782800940696949,0.7576627450329917,0.013671875,0.009354497909291902,-0.9150583933700215,0.00859375,0.000607541837203114,-0.38696357270945675,0.044921875,0.00042224331673048054,-0.5503366988552504,0.047265625,0.0,0.0,0.0,0.007180604079666777,0.017114998730837012,0.885546875,37322,37322,0.011367001779114766,1.45497622772669,,,,,0.04077548999193078,418.1237784213033,0.11729394978490369,4.564902433033647,0.015523700878537935,5.242565294791913,5.261007769354459,0.005919567469892831,0.7460097896641699,96.32479430216021,0.02702146151213272,1.0516342541713564,0.0035762550974241464,1.20775009128236,1.211998736638498,0.0013637136855695607,0.17186116467261348,2025-04-16 03:24:56.337764
0.0003,58,0.0412664054380316,5.282099896068045,0,0.09344973303377628,0.09344973303377628,0.0,0.007591341668739915,0.0,0.0,0.0,0.0,0.0,0.0,0.0,0.0,0.0,0.0,0.0,0.0,0.028715170606778098,0.533687344912825,0.011328125,0.06421756398426455,0.09932579596837361,0.010546875,0.00042178679994025895,-0.47752361842828206,0.050390625,0.00025537159994061,-0.5002936193576226,0.040625,0.0,0.0,0.0,0.0073915683241575,0.0124183251095574,0.887109375,37944,37944,0.011339802665107881,1.4514947411338088,,,,,0.04085721012206739,419.17581770783767,0.11676806918645309,4.561275195267241,0.01552440756458347,5.2363133511300815,5.171838146145061,0.005819235817860749,0.7333655559410484,96.35855282445232,0.026842202454423134,1.0485287039062046,0.0035686921410692666,1.203703949151246,1.1888826076130736,0.001337703937740289,0.16858330246291317,2025-04-16 03:33:05.859210
0.0003,59,0.04124849953845694,5.279807940922488,0,0.07522781258448959,0.07522781258448959,0.0,0.006229762127622962,0.0,0.0,0.0,0.0,0.0,0.0,0.0,0.0,0.0,0.0,0.0,0.0,0.012890304967930371,0.10947566366556918,0.012890625,0.01558657974601374,-1.0822105308373768,0.01171875,0.0005569167577087899,-0.23520512433396173,0.037890625,0.00035589158388545675,-0.6207535536058487,0.0484375,0.0,0.0,0.0,0.006571644324619447,0.008949347612937432,0.8890625,38584,38584,0.011319019202104121,1.4488344578693275,,,,,0.04084001703524551,420.19289329449333,0.11762691736221313,4.559757490952809,0.015539797147115071,5.230280188719432,5.08564084370931,0.005722248554229736,0.7211427966753642,96.39030100006518,0.026983069326465697,1.045987221712022,0.0035647573968857643,1.19980203896134,1.1666224239537608,0.0013126572803620056,0.16542681312520452,2025-04-16 03:41:15.589985
0.0003,60,0.04123213462526944,5.277713232034488,0,0.07722029648721218,0.07722029648721218,0.0,0.007538761128671467,0.0,0.0,0.0,0.0,0.0,0.0,0.0,0.0,0.0,0.3054788534839948,0.5030733744303385,0.001171875,0.01321913937174127,0.3211182798994215,0.01484375,0.0384487676527919,-0.2813926557215249,0.016015625,0.0012944570548175502,-0.36172892791884287,0.04375,0.0005343309036479929,-0.6335827886548817,0.045703125,0.0,0.0,0.0,0.007157212074410391,0.011838265740643505,0.878515625,39328,39328,0.011328861429730795,1.4500942630055418,0.012642734232358635,0.016013486310839653,0.0021097748540341854,0.0009008187334984541,0.03846644705427535,421.1767377540713,0.11749537264714476,4.562433250614854,0.015569096705952629,5.223787542249336,5.435494497174123,0.006104551377843638,0.7685307010275418,96.31164229735401,0.026867989819023972,1.0433041520335586,0.0035602281380321256,1.194537855745165,1.2429494670400032,0.0013959445429581128,0.175742058228015,2025-04-16 03:49:55.549267
0.0003,61,0.0816368256095523,10.449513678022694,0,0.09033338818699121,0.09033338818699121,0.0,0.007871761498972774,0.0,0.0,0.0,0.0,0.0,0.0,0.0,0.0,0.0,0.2884728942066431,0.2988800823688507,0.00390625,0.009964696911943925,0.4599734512535301,0.014453125,0.02200153985069375,-0.15863626533084446,0.010546875,0.00081291983056312,-0.1098379113066655,0.040625,0.0006340831972747331,-0.6188759082839602,0.041015625,0.0,0.0,0.0,0.007094037365274676,0.010507233738637463,0.889453125,39694,39694,0.011317498690734283,1.4486398324139882,,,,,0.08006067884742582,418.25610481154536,0.11714231967926025,4.565765746178165,0.015584926451406172,5.217474964357192,5.347825231090669,0.006006090871749386,0.7564108564007667,96.3097253241042,0.026973771577634937,1.051335867785485,0.00358866246891386,1.2014016871025073,1.2314167639459144,0.0013829922754873458,0.1741749157372188,2025-04-16 03:54:05.375520
0.0003,62,0.04122364617127687,5.276626709923439,0,0.09489253275096417,0.09489253275096417,0.0,0.0077495492529124025,0.0,0.0,0.0,0.0,0.0,0.0,0.0,0.0,0.0,0.175517210398208,0.5305662263523448,0.004296875,0.014891579215868544,0.1439458185281509,0.015234375,0.024418961199782124,-0.45258031232016427,0.013671875,0.003189189326284187,-0.7087662414628633,0.03828125,0.0005336185434619741,-1.3281149951120217,0.0375,0.0,0.0,0.0,0.007062232687723108,0.012659486737600392,0.891015625,40392,40392,0.01131418245027671,1.448215353635419,,,,,0.040810587397993654,419.2394089168972,0.11741571199326288,4.569540648233323,0.015599863869803292,5.212952242957221,5.262939116311451,0.005910756096007332,0.7444043348705958,96.33963054581707,0.026981686533069368,1.050063158309039,0.003584789716368948,1.1979167380004128,1.2094035037414124,0.0013582693955392403,0.17106130070981365,2025-04-16 04:02:15.467819
0.0003,63,0.04122747119107013,5.277116312456976,0,0.10597267225384713,0.10597267225384713,0.0,0.007808072050102055,0.0,0.0,0.0,0.0,0.0,0.0,0.0,0.0,0.0,0.3835187599890762,-0.0787710812356737,0.003515625,0.014191757421940565,0.7250761424793917,0.006640625,0.039559136177154466,-0.5560116635428535,0.00703125,0.0021036337579094003,-0.18841048578421274,0.04453125,0.0007011646904526186,-0.36133394973112803,0.039453125,0.0,0.0,0.0,0.006637565963219581,0.006203232952326808,0.898828125,41246,41246,0.011353908125490383,1.453300240062769,,,,,0.040803832496044704,420.1919075474143,0.11688252165913582,4.5732641369104385,0.015586350113153458,5.210606906563044,5.180705692619085,0.005818400532007217,0.7327730171382427,96.36820256582183,0.026806224302120003,1.0488475308941145,0.0035746251129234424,1.1950178546878931,1.1881601874112404,0.001334411232120854,0.16805658862523032,2025-04-16 04:10:25.635888
0.0003,64,0.08173138997189909,10.461617916403084,0,0.09971056468784809,0.09971056468784809,0.0,0.00712371647823602,0.0,0.0,0.0,0.0,0.0,0.0,0.0,0.0,0.0,0.219294551656478,0.45720309019088745,0.003515625,0.004947320730746563,0.8622282291280812,0.011328125,0.0048469787972343125,-0.8446654294218335,0.0109375,0.0019272830109746957,-0.6077910948883404,0.04296875,0.0003621989292060684,-0.9240505779738974,0.044140625,0.0,0.0,0.0,0.006926880487520125,0.009904074647887486,0.887109375,41688,41688,0.011375469180431681,1.4560600550952552,,,,,0.08003788421891539,417.4212621101966,0.11721194340632513,4.571335535783034,0.015594075276301458,5.21051333133991,5.101002528117253,0.005728886677668645,0.7214995861053467,96.36560733205621,0.027059474775722514,1.0553356170631487,0.003600038309466565,1.2028958213545242,1.1776142023513028,0.0013225671381452589,0.16656493599148292,2025-04-16 04:14:35.542849
0.0003,65,0.04126226147823335,5.281569469213869,0,0.08067061956971884,0.08067061956971884,0.0,0.006812535226345062,0.0,0.0,0.0,0.0,0.0,0.0,0.0,0.0,0.0,0.3413539092677335,-0.0021156668663024902,0.00234375,0.011182154705426816,0.18145513740079156,0.011328125,0.005213129914842457,-0.5631524494716099,0.008203125,0.0011963377309248153,-0.3517799052325162,0.038671875,0.00022542619037016392,0.005488196323657858,0.0453125,0.0,0.0,0.0,0.006471656122911752,0.008454862785110207,0.894140625,42314,42314,0.011352034898509635,1.4530604670092333,0.011315041882917286,0.024297522380948067,0.04114349186420441,0.001494041527621448,0.03858211216138898,418.3726144992944,0.11722816842975038,4.568189527049209,0.015609329397028143,5.211672006231366,5.398011373751091,0.0060492428866299715,0.7663879755771521,96.2980931152458,0.02698276294371763,1.0514740334291584,0.0035928466721955937,1.1995863465939989,1.2424766437658774,0.0013923725755104696,0.17640187383222605,2025-04-16 04:23:13.956350
0.0003,66,0.04126292136099769,5.2816539342077045,0,0.08883019480854273,0.08883019480854273,0.0,0.007309123175218701,0.0,0.0,0.0,0.0,0.0,0.0,0.0,0.0,0.0,0.137187824150225,0.6397736531037551,0.005078125,0.008506942292216182,0.5136814249886407,0.0140625,0.04182566146105442,-0.7737179751749392,0.010546875,0.0019679784821773614,-0.2848191884679532,0.042578125,0.0004695337288117466,-1.557159359065386,0.040625,0.0,0.0,0.0,0.006705869482981902,0.014999343747480595,0.887109375,43000,43000,0.011334306818986045,1.4507912728302137,,,,,0.04081100084927872,419.29545649129955,0.11688286155017454,4.565457094961138,0.015598339820975688,5.214129134790221,5.317444039814508,0.005958955679366838,0.7551972972812937,96.32640073319614,0.026851961275088182,1.0488404843198331,0.003583468194340076,1.1978624969034624,1.22159741424755,0.0013689744160963876,0.17349445686648893,2025-04-16 04:31:24.042260
0.0003,67,0.041261598328684826,5.281484586071658,0,0.08581215571612119,0.08581215571612119,0.0,0.006431664875708521,0.0,0.0,0.0,0.0,0.0,0.0,0.0,0.0,0.0,0.04932893551886082,0.7826805114746094,0.001953125,0.0044739630689183555,0.6007692881168858,0.012109375,0.03675409417483024,0.17328877449035646,0.009765625,0.0019196017352182285,-0.8033430589629071,0.04375,0.0010171101314775009,-0.7021160195539663,0.043359375,0.0,0.0,0.0,0.0065171256373343445,0.004788942818377684,0.8890625,43696,43696,0.011330403753718948,1.4502916804760253,,,,,0.04082962087295645,420.19131219387054,0.11729830152848188,4.562201030114117,0.015623026034411262,5.213247765513027,5.239246333346648,0.005871323978199679,0.7440914546742159,96.35450943847924,0.026897796250792066,1.0461630915718463,0.00358253244606766,1.195455322157735,1.2014170584375334,0.0013463594445112918,0.1706283900020728,2025-04-16 04:39:33.917463
0.0003,68,0.04121333800637488,5.275307264815985,0,0.09950404316186905,0.09950404316186905,0.0,0.006975307781249285,0.0,0.0,0.0,0.0,0.0,0.0,0.0,0.0,0.0,0.21785650588572025,0.449415256579717,0.00234375,0.005329508794426558,0.8623390005480859,0.012109375,0.011294548651286667,-1.027501153094428,0.00546875,0.0009479145017011385,-0.1603054830902501,0.037109375,0.0008937249037594806,-0.494043862725806,0.049609375,0.0,0.0,0.0,0.007006014571421314,0.0053194004555273955,0.893359375,44472,44472,0.011346920307600625,1.45240579937288,,,,,0.04079798361719685,421.061038452646,0.11831171961798184,4.566713239835656,0.015637750210969345,5.209614988686382,5.163315227066261,0.005786232326341712,0.7333075205485026,96.38049030913118,0.02708144545503931,1.0453165241173492,0.003579466858780492,1.1924761821507428,1.1818781785986021,0.001324463338390967,0.16785342723127894,2025-04-16 04:47:44.159244
0.0003,69,0.0412559004725362,5.280755260484634,0,0.07941574305295944,0.07941574305295944,0.0,0.0062994804000481965,0.0,0.0,0.0,0.0,0.0,0.0,0.0,0.0,0.0,0.0998154219511586,0.6471651792526245,0.00234375,0.010031714930664747,0.6586491306622823,0.01171875,0.0027955261670285837,-1.1826556742191314,0.0078125,0.0016940014169845002,-0.37310423747352933,0.044921875,0.0005525401204139787,-0.8275859414941014,0.039453125,0.0,0.0,0.0,0.006521109517637666,0.017090559090402992,0.89375,45110,45110,0.011328514182754627,1.4500498153925923,,,,,0.04088735130229831,421.90586351326533,0.11841135365622384,4.564729901722499,0.015660664013453892,5.1979666471481325,5.0895535809653145,0.00570357186453683,0.7228316988263811,96.40902342958644,0.027057986049091723,1.0430790138356574,0.003578592890896114,1.1877789433312997,1.163005620134011,0.0013033139405590943,0.16517309716319994,2025-04-16 04:55:53.322992
0.0003,70,0.04122345296881741,5.276601980008628,0,0.09060558024793863,0.09060558024793863,0.0,0.0071334543637931345,0.0,0.0,0.0,0.0,0.0,0.0,0.0,0.0,0.0,0.4812848661094904,-0.22354742884635925,0.0015625,0.02479785098638296,0.5030143157793925,0.01015625,0.016348705934231274,-1.3983394338024988,0.00703125,0.0011519216088345275,0.013317404687404633,0.03125,0.0009339083226563009,-0.32086163257884087,0.041796875,0.0,0.0,0.0,0.006539957600255167,0.0010387144165654337,0.908203125,45802,45802,0.011324097213233675,1.4494844432939105,0.012983259146567434,0.009662365540862083,0.0003986994852311909,0.0013732813531532884,0.038643766596773876,422.72684329328405,0.11848333855749855,4.568250666201954,0.015692986233133664,5.190297385336647,5.356996912351796,0.0060330377498143154,0.764068710971886,96.34873050840895,0.027004954706632826,1.0412046438872182,0.0035767761745836325,1.1829827510891007,1.2209772339545253,0.001375061786413771,0.1741480784551773,2025-04-16 05:04:30.885879
0.0003,71,0.08169013305997856,10.456337031677256,0,0.06949728168547153,0.06949728168547153,0.0,0.006216313503682613,0.0,0.0,0.0,0.0,0.0,0.0,0.0,0.0,0.0,0.25813015302022296,0.24518458048502603,0.001171875,0.02014949176278289,0.0588842889536982,0.008984375,0.001374151920442403,-1.6916800694806235,0.00546875,0.0027725789807689838,-0.3001944838148175,0.038671875,0.000757762599994052,-0.27929960413182037,0.03671875,0.0,0.0,0.0,0.006149970055855955,0.0025540514019460805,0.908984375,46160,46160,0.011313348501872973,1.4481086082397405,,,,,0.0796816615126779,420.1903726094299,0.11858751045333014,4.568482703632778,0.015686230527030096,5.204070597887039,5.282594177458021,0.0059492455588446725,0.7536741097768148,96.34313155824009,0.027190275802413653,1.0474821862393129,0.0035966092272258473,1.193212647283522,1.2112168649820456,0.0013640696810557644,0.17280577719889817,2025-04-16 05:08:41.911276
0.0003,72,0.04125252092085061,5.280322677868878,0,0.0760953003540635,0.0760953003540635,0.0,0.006233950704336166,0.0,0.0,0.0,0.0,0.0,0.0,0.0,0.0,0.0,0.11066181380301714,0.8239638328552246,0.001953125,0.01018947956559714,0.781789231300354,0.009765625,0.010272033996163653,0.2906821828622084,0.005078125,0.001215904610857944,-0.4086657989592779,0.0328125,0.00041700245457745736,-0.7389628111370026,0.04921875,0.0,0.0,0.0,0.006442415724598488,0.00985352784769846,0.901171875,46840,46840,0.011305852418700083,1.4471491095936106,,,,,0.040777779653240365,421.0126366419335,0.11819760113546293,4.567616560687758,0.015691339153133026,5.210455394771001,5.210229873657227,0.00586774904433995,0.7433498069031598,96.3671347946455,0.027054684752164045,1.0454985966808645,0.0035916484772035902,1.1926403731616435,1.1925887273850186,0.0013430907148233085,0.17014807824482198,2025-04-16 05:16:52.408622
0.0003,73,0.0412417353635488,5.278942126534246,0,0.07735907901078462,0.07735907901078462,0.0,0.0062997391214594245,0.0,0.0,0.0,0.0,0.0,0.0,0.0,0.0,0.0,0.23895869846455753,0.3397262195746104,0.00234375,0.011210306709858052,0.5436911695834362,0.012890625,0.00860816688024594,-0.7834797965155708,0.00703125,0.0019503251708650577,-0.5127390122961724,0.033984375,0.0005468464120685194,-0.9810550212860107,0.05078125,0.0,0.0,0.0,0.00609270559521172,0.006728734856932599,0.89296875,47524,47524,0.01129966969168246,1.4463577205353548,,,,,0.0408575555646652,421.8126499523988,0.11826354426306647,4.568104988819844,0.015689460006920068,5.201957654308629,5.139821361851048,0.005788455138335357,0.7333045392423063,96.39326107099225,0.027025762974669142,1.0439102213665352,0.00358537899392208,1.1887592033150454,1.1745597066543203,0.0013227864726443196,0.16757585601973798,2025-04-16 05:25:01.945694
0.0003,74,0.041223446607773204,5.27660116579497,0,0.07665799651294947,0.07665799651294947,0.0,0.006011748290620744,0.0,0.0,0.0,0.0,0.0,0.0,0.0,0.0,0.0,0.008075204212218523,1.0106350580851238,0.001171875,0.0036327253699048674,0.11307231201366945,0.00859375,0.030245787935806828,-0.16585846741994223,0.008203125,0.0009380717634816061,-0.12982638083495102,0.030078125,0.0005863936058976205,-0.2556243549133169,0.0453125,0.0,0.0,0.0,0.006251837790192124,0.0037802958548813735,0.906640625,48192,48192,0.011290221449324848,1.4451483455135805,,,,,0.04076293047808852,422.5911020565033,0.11764787356058756,4.57211810429891,0.015679394404093425,5.205946486790975,5.0712904103597,0.005711275736490886,0.7235271453857421,96.41528349026282,0.026841675146898863,1.0431409015280249,0.0035772955205861834,1.1877505539311042,1.1570283903206884,0.001303042744026357,0.16507464188382195,2025-04-16 05:33:12.599775
0.0003,75,0.04126781461417714,5.282280270614674,0,0.07300304807722569,0.07300304807722569,0.0,0.006487717805430293,0.0,0.0,0.0,0.0,0.0,0.0,0.0,0.0,0.0,0.18331413929505894,0.41501250863075256,0.00234375,0.012049689625402808,0.6932875170475907,0.0140625,0.045887092582073394,-0.03419268481871661,0.006640625,0.0015653512277640402,0.23401987850666045,0.0390625,0.0003031286140429546,-0.735591071623343,0.0421875,0.0,0.0,0.0,0.0061515614136930016,0.013114726379663207,0.895703125,48826,48826,0.011273061045422821,1.442951813814121,0.012268423736095428,0.0014303319621831179,0.00034924387000501156,0.0006608443800359964,0.038505793415924965,423.34902554436735,0.1181717169912238,4.567967998354058,0.01571434736251831,5.199320037113993,5.343799427935951,0.006070805223364579,0.770319916700062,96.35356301912559,0.026895694316411898,1.0396622310227326,0.0035765603970668775,1.18335694810797,1.2162402270304333,0.0013817055865763253,0.1753236080279127,2025-04-16 05:41:52.028098
0.0003,76,0.04130782778360025,5.287401956300832,0,0.08105495590716601,0.08105495590716601,0.0,0.005638744798488915,0.0,0.0,0.0,0.0,0.0,0.0,0.0,0.0,0.0,0.21464421041309834,0.3234099864959717,0.001953125,0.007230619727461426,0.6071867766203703,0.010546875,0.008572418818706259,-0.713088870048523,0.009375,0.0016000877484923812,-0.5594850862869108,0.038671875,0.0006256673626181365,-0.10796808194270176,0.044140625,0.0,0.0,0.0,0.00555492641101957,0.0007723990899314015,0.8953125,49598,49598,0.011278324400818392,1.4436255233047541,,,,,0.04090509585412469,424.0874930914346,0.11784589445436155,4.558637129796016,0.01572980818810401,5.193840085686027,5.274399435365355,0.005991963597087117,0.7606962129667207,96.38031568992683,0.02678226709181527,1.0360194366562796,0.00357483751256158,1.1803789626283792,1.1986872778294435,0.001361764618145184,0.17287975322124666,2025-04-16 05:50:00.999234
0.0003,77,0.0817321722845983,10.461718052428582,0,0.08080518916249275,0.08080518916249275,0.0,0.005800055968575179,0.0,0.0,0.0,0.0,0.0,0.0,0.0,0.0,0.0,0.24133802593375245,0.1075731913248698,0.001171875,0.0049496764809841155,0.5732482863324029,0.0109375,0.0027757795393811716,-1.6144076952567468,0.005078125,0.0014568060768745195,-0.38081123063593736,0.031640625,0.0005659668248422872,-0.7035426017457405,0.044140625,0.0,0.0,0.0,0.0059291552768299845,0.008448981473817587,0.90703125,49948,49948,0.011276027134907881,1.4433314732682088,,,,,0.08025694236647081,421.72876516672284,0.11819898165189303,4.557012778062087,0.015750765800476074,5.185248598074302,5.206778929783748,0.005915143550970616,0.7509436974158654,96.38003080913543,0.027012673628544773,1.0414395891957147,0.003599610504436954,1.185013851216089,1.1899342779488273,0.0013518208023055465,0.17161735852723883,2025-04-16 05:54:10.224236
0.0003,78,0.041245533544455336,5.279428293690283,0,0.07693749610334635,0.07693749610334635,0.0,0.0061069864081218835,0.0,0.0,0.0,0.0,0.0,0.0,0.0,0.0,0.0,0.09125868972478202,0.4021444395184517,0.003125,0.011960756064218004,0.8497311890125274,0.0078125,0.02458856607076346,-0.4783457858221872,0.00546875,0.0011580258602115474,-0.7767775470827832,0.031640625,0.0006359272889919035,-0.8169613957405091,0.046875,0.0,0.0,0.0,0.006107142298809145,0.004440706732924457,0.905078125,50580,50580,0.011259466672716004,1.4412117341076485,,,,,0.04086226697463366,422.468903816199,0.11876557748528975,4.556379734715329,0.01579887957512578,5.177576366859146,5.140870335735852,0.005840268316148202,0.7414380809928798,96.4044386420238,0.027101471194780333,1.0397338753155398,0.0036051934304626937,1.1814866142862916,1.1731105280678034,0.0013327082382896948,0.1691909661048933,2025-04-16 06:02:19.693462
0.0003,79,0.04121952900290607,5.276099712371977,0,0.07503930833190679,0.07503930833190679,0.0,0.006514596799388528,0.0,0.0,0.0,0.0,0.0,0.0,0.0,0.0,0.0,0.24920003310156366,0.48381802439689636,0.00234375,0.013187742842766907,0.23079533057828103,0.012109375,0.02020705160942237,-1.3452225283340171,0.010546875,0.002084321177486951,-0.4754052530100316,0.031640625,0.0009232483357482124,-0.6324501061439514,0.0390625,0.0,0.0,0.0,0.006033089737655277,0.007845771325587196,0.904296875,51236,51236,0.011248515437450974,1.4398099759937246,,,,,0.04080072333952973,423.1905632376671,0.1186757892370224,4.5603280574083325,0.0157986044883728,5.175538176298142,5.076609456539154,0.00576726496219635,0.7321701049804688,96.42611872007649,0.027040881192195134,1.039093904414861,0.0035997922551779986,1.1792726776985487,1.156731242791892,0.001314100606781641,0.1668286762493044,2025-04-16 06:10:29.907809
